,CO,NOx,NO2,Benzene
CO,1.0,0.7562092898172604,0.6137421642069734,0.8160853381016395
NOx,0.7562092898172604,1.0,0.7510266896401216,0.5936936302804068
NO2,0.6137421642069734,0.7510266896401216,1.0,0.4554360825178155
Benzene,0.8160853381016395,0.5936936302804068,0.4554360825178155,1.0
