,CO,NOx,NO2,Benzene
CO,,0.000000000000e+00,0.000000000000e+00,0.000000000000e+00
NOx,0.000000000000e+00,,0.000000000000e+00,0.000000000000e+00
NO2,0.000000000000e+00,0.000000000000e+00,,0.000000000000e+00
Benzene,0.000000000000e+00,0.000000000000e+00,0.000000000000e+00,
