{
  "target": "CO",
  "horizon": 1,
  "n_train": 7446,
  "n_test": 1862,
  "xgboost": {
    "mae": 0.6943937740989686,
    "rmse": 0.9369121046521872
  },
  "baseline": {
    "mae": 0.5417701239583937,
    "rmse": 0.8389986032027086
  },
  "mae_diff_mean": 0.15262365014057497,
  "mae_diff_ci": [
    0.1041427601852388,
    0.2101733160282233
  ]
}